Scientific Name,Common,Difficulty,Wetland Status,Growth Habit,Duration
Abies balsamea,balsam fir,6,FAC,Tree,Perennial
Acalypha rhomboidea,common three-seeded Mercury,0,FACU,Forb/herb,Annual
Acer negundo var. negundo,"box elder, ash-leaved maple",1,FAC,Tree,Perennial
Acer nigrum,black maple,8,FACU,Tree,Perennial
Acer pensylvanicum,striped maple,7,FACU,Tree,Perennial
Acer rubrum × A. saccharinum = A. ×freemanii,Freeman’s maple,NA,,Tree,Perennial
Acer rubrum var. rubrum,common red maple,4,FAC,Tree,Perennial
Acer saccharinum,silver maple,6,FACW,Tree,Perennial
Acer saccharum,sugar maple,7,FACU,Tree,Perennial
Acer spicatum,mountain maple,8,FACU,Tree,Perennial
Achillea millefolium,common yarrow,0,FACU,Forb/herb,Perennial
Acorus americanus,American sweetflag,5,OBL,Forb/herb,Perennial
Actaea pachypoda,"white baneberry, doll’s eyes",7,UPL,Forb/herb,Perennial
Actaea pachypoda × A. rubra = A. ×ludovici,Louis’s baneberry,NA,,Forb/herb,Perennial
Actaea racemosa,"black cohosh, black snakeroot, bugbane",7,FACU,Forb/herb,Perennial
Actaea rubra,red baneberry,7,FACU,Herbaceous,Perennial
Adiantum pedatum,maidenhair fern,8,FACU,Fern,Perennial
Adlumia fungosa,Allegheny vine,9,UPL,"Vine, Forb/herb",Biennial
Agalinis paupercula,small-flowered agalinis,7,OBL,Forb/herb,Annual
Agalinis tenuifolia,slender agalinis,4,FACW,Forb/herb,Annual
Agastache scrophulariifolia,"purple giant hyssop, figwort giant hyssop",2,FACW,Herbaceous,Perennial
Ageratina altissima,common white snakeroot,4,FACU,Herbaceous,Perennial
Agrimonia gryposepala,common agrimony,4,FACU,Herbaceous,Perennial
Agrimonia pubescens,downy agrimony,8,FACU,Forb/herb,Perennial
Agrimonia striata,roadside agrimony,4,FACU,Forb/herb,Perennial
Agrostis hyemalis,southern tickle grass,3,FAC,Graminoid,Perennial
Agrostis perennans,autumn bent,4,FACU,Graminoid,Perennial
Agrostis scabra,northern tickle grass,3,FAC,Graminoid,Perennial
Alisma subcordatum,southern water plantain,4,OBL,Forb/herb,Perennial
Alisma triviale,northern water plantain,4,OBL,Forb/herb,Perennial
Allium canadense var. canadense,Canada onion,4,FACU,Herbaceous,Perennial
Allium tricoccum,common wild leek,8,FACU,Forb/herb,Perennial
Alopecurus aequalis var. aequalis,short-awned foxtail,7,OBL,Graminoid,Perennial
Amaranthus hybridus ssp. hybridus,green amaranth,0,,Forb/herb,Annual
Amaranthus retroflexus,red-rooted amaranth,0,FACU,Herbaceous,Annual
Amauropelta noveboracensis,New York fern,4,FAC,Fern,Perennial
Ambrosia artemisiifolia,common ragweed,0,FACU,Forb/herb,Annual
Ambrosia trifida,giant ragweed,3,FAC,Herbaceous,Annual
Amelanchier alnifolia,low shadbush,7,FACU,Shrub,Perennial
Amelanchier arborea,downy shadbush,4,FACU,"Tree, Shrub",Perennial
Amelanchier laevis,smooth shadbush,4,,"Tree, Shrub",Perennial
Amelanchier sanguinea,round-leaved shadbush,7,,"Tree, Shrub",Perennial
Amphicarpaea bracteata,hog peanut,5,FAC,Vine,Perennial
Anaphalis margaritacea,pearly everlasting,2,FACU,Forb/herb,Perennial
Anchistea virginica,Virginia chain fern,9,OBL,Fern,Perennial
Andromeda polifolia var. latifolia,bog rosemary,10,OBL,Shrub,Perennial
Andropogon gerardi,big bluestem,8,FACU,Graminoid,Perennial
Anemone canadensis,Canada anemone,5,FACW,Forb/herb,Perennial
Anemone cylindrica,long-headed anemone,7,,Forb/herb,Perennial
Anemone quinquefolia var. quinquefolia,wood anemone,7,FACU,Forb/herb,Perennial
Anemone virginiana,"tall anemone, thimbleweed",5,FACU,Forb/herb,Perennial
Angelica atropurpurea,purple-stemmed angelica,4,OBL,Forb/herb,Perennial
Antennaria howellii ssp. canadensis,Canada pussytoes,2,,Herbaceous,Perennial
Antennaria howellii ssp. neodioica,small pussytoes,2,,Herbaceous,Perennial
Antennaria howellii ssp. petaloidea,petal-like pussytoes,2,,Herbaceous Dicot,Perennial
Antennaria neglecta,field pussytoes,2,UPL,Forb/herb,Perennial
Antennaria parlinii ssp. fallax,deceitful pussytoes,3,,Herbaceous,Perennial
Antennaria parlinii ssp. parlinii,Parlin’s pussytoes,3,,Herbaceous,Perennial
Antennaria plantaginifolia,plantain-leaved pussytoes,4,,Herbaceous,Perennial
Aphyllon uniflorum,one-flowered broomrape,4,UPL,Forb/herb,Annual
Apios americana,groundnut,5,FACW,"Vine, Forb/herb",Perennial
Apocynum androsaemifolium,spreading dogbane,2,UPL,Forb/herb,Perennial
Apocynum androsaemifolium × A. cannabinum = A. ×floribundum,hybrid dogbane,NA,,Forb/herb,Perennial
Apocynum cannabinum,Indian hemp,2,FAC,Forb/herb,Perennial
Aquilegia canadensis,"wild columbine, red columbine",5,FACU,Forb/herb,Perennial
Aralia hispida,bristly sarsaparilla,6,,Subshrub,Perennial
Aralia nudicaulis,wild sarsaparilla,6,FACU,Herbaceous,Perennial
Aralia racemosa,spikenard,7,FACU,Subshrub,Perennial
Aralia spinosa,"devil’s walking stick, Hercules’s club",4,FAC,"Tree, Shrub",Perennial
Arctostaphylos uva-ursi,bearberry,8,UPL,"Subshrub, Shrub",Perennial
Arisaema dracontium,green dragon,7,FACW,Forb/herb,Perennial
Arisaema stewardsonii,swamp Jack-in-the-pulpit,7,FAC,Forb/herb,Perennial
Arisaema triphyllum,common Jack-in-the-pulpit,5,FAC,Forb/herb,Perennial
Aronia melanocarpa,black chokeberry,7,FAC,"Tree, Shrub",Perennial
Aronia prunifolia,purple chokeberry,7,FACW,"Tree, Shrub",Perennial
Artemisia campestris ssp. caudata,sand wormwood,8,UPL,Herbaceous,Biennial
Asarum canadense,wild ginger,8,UPL,Forb/herb,Perennial
Asclepias exaltata,forest milkweed,6,UPL,Forb/herb,Perennial
Asclepias incarnata ssp. incarnata,western swamp milkweed,4,OBL,Herbaceous,Perennial
Asclepias quadrifolia,four-leaved milkweed,7,,Forb/herb,Perennial
Asclepias syriaca,common milkweed,0,UPL,Forb/herb,Perennial
Asclepias tuberosa,butterfly weed,2,,Herbaceous,Perennial
Asplenium platyneuron,ebony spleenwort,5,FACU,Fern,Perennial
Asplenium rhizophyllum,walking fern,10,,Fern,Perennial
Asplenium trichomanes ssp. trichomanes,diploid maidenhair spleenwort,9,UPL,Fern,Perennial
Astragalus canadensis var. canadensis,Canada milk vetch,10,FAC,Forb/herb,Perennial
Athyrium angustum,northern lady fern,5,FAC,Fern,Perennial
Aureolaria flava,smooth false foxglove,7,,Forb/herb,Perennial
Aureolaria pedicularia,fern-leaved false foxglove,8,,Forb/herb,Annual
Aureolaria virginica,downy false foxglove,7,,Forb/herb,Perennial
Avenella flexuosa,common hair grass,8,FACU,Graminoid,Perennial
Azolla cristata,mosquito fern,2,OBL,Fern,Annual
Bartonia virginica,Virginia screwstem,7,FACW,Herbaceous,Annual
Betula alleghaniensis,yellow birch,7,FAC,Tree,Perennial
Betula lenta,black birch,6,FACU,Tree,Perennial
Betula populifolia,gray birch,4,FAC,Tree,Perennial
Bidens beckii,Beck’s water marigold,7,OBL,Forb/herb,Perennial
Bidens bipinnata,Spanish needles,0,FACU,Forb/herb,Annual
Bidens cernua,nodding beggar ticks,4,OBL,Forb/herb,Annual
Bidens frondosa,devil’s beggar ticks,2,FACW,Herbaceous,Annual
Bidens trichosperma,crowned beggar ticks,10,OBL,Forb/herb,Annual
Bidens tripartita ssp. comosa,straw-stemmed beggar ticks,4,FACW,Forb/herb,Annual
Bidens vulgata,tall beggar ticks,0,FAC,Forb/herb,Annual
Blephilia hirsuta,hairy wood mint,6,FACU,Forb/herb,Perennial
Blitum capitatum ssp. capitatum,strawberry blight,3,,Forb/herb,Annual
Boehmeria cylindrica,false nettle,7,OBL,Forb/herb,Perennial
Bolboschoenus fluviatilis,river bulrush,4,OBL,Graminoid,Perennial
Borodinia canadensis,sicklepod,7,,Forb/herb,Biennial
Borodinia laevigata,smooth rock cress,7,,Forb/herb,Biennial
Botrychium angustisegmentum,narrow triangle moonwort,7,FACW,Fern,Perennial
Botrychium dissectum,dissected grape fern,3,FAC,Fern,Perennial
Botrychium matricariifolium,daisy-leaved moonwort,7,FACU,Fern,Perennial
Botrychium multifidum,leathery grape fern,3,FACU,Fern,Perennial
Botrychium oneidense,"Oneida grape fern, blunt-lobed grape fern",5,FAC,Fern,Perennial
Botrychium virginianum,rattlesnake fern,8,FACU,Fern,Perennial
Brachyelytrum aristosum,northern shorthusk,7,,Graminoid,Perennial
Brachyelytrum erectum,southern shorthusk,6,FACU,Graminoid,Perennial
Brasenia schreberi,watershield,8,OBL,Forb/herb,Perennial
Bromus ciliatus,fringed brome,8,FACW,Graminoid,Perennial
Bromus kalmii,Kalm’s brome,9,FAC,Graminoid,Perennial
Bromus latiglumis,flanged brome,7,FACW,Herbaceous,Perennial
Bromus pubescens,Canada brome,8,FACU,Graminoid,Perennial
Cakile edentula var. edentula,American sea rocket,7,FACU,Forb/herb,Annual
Cakile edentula var. lacustris,lake sea rocket,8,FACU,Forb/herb,Annual
Calamagrostis breviligulata,beach grass,8,UPL,Graminoid,Perennial
Calamagrostis canadensis var. canadensis,Canada bluejoint grass,7,OBL,Graminoid,Perennial
Calla palustris,wild calla,7,OBL,Forb/herb,Perennial
Callitriche heterophylla ssp. heterophylla,large water starwort,8,OBL,Herbaceous,Annual
Callitriche palustris,vernal water starwort,6,OBL,Forb/herb,Perennial
Calopogon tuberosus var. tuberosus,grass pink,10,OBL,Forb/herb,Perennial
Caltha palustris,marsh marigold,4,OBL,Forb/herb,Perennial
Calystegia sepium,hedge bindweed,0,FAC,"Vine, Forb/herb",Perennial
Calystegia spithamaea ssp. spithamaea,low bindweed,7,,"Vine, Forb/herb",
Campanula rotundifolia,harebell,8,FACU,Forb/herb,Perennial
Capnoides sempervirens,"rock harlequin, pink corydalis",8,,Herbaceous,Perennial
Cardamine bulbosa,"spring cress, bulbous spring cress",7,OBL,Forb/herb,Perennial
Cardamine concatenata,cut-leaved toothwort,6,FACU,Forb/herb,Perennial
Cardamine diphylla,two-leaved toothwort,7,FACU,Forb/herb,Perennial
Cardamine pensylvanica,Pennsylvania bitter cress,4,FACW,Herbaceous,Biennial
Cardamine pratensis,cuckoo flower,7,,Forb/herb,Perennial
Carex aestivalis,summer sedge,7,,Graminoid,Perennial
Carex alata,broad-winged sedge,9,OBL,Graminoid,Perennial
Carex albicans,white-tinged sedge,7,UPL,Graminoid,Perennial
Carex albursina,white bear sedge,8,,Graminoid,Perennial
Carex annectens,yellow-fruited sedge,1,FACW,Graminoid,Perennial
Carex appalachica,Appalachian sedge,6,FAC,Graminoid,Perennial
Carex aquatilis,water sedge,9,OBL,Graminoid,Perennial
Carex arctata,drooping wood sedge,7,,Graminoid,Perennial
Carex atlantica ssp. atlantica,wide-leaved prickly bog sedge,8,FACW,Herbaceous,Perennial
Carex aurea,golden-fruited sedge,6,FACW,Graminoid,Perennial
Carex bebbii,Bebb’s sedge,5,OBL,Graminoid,Perennial
Carex billingsii,Billings’s sedge,10,OBL,Graminoid,Perennial
Carex blanda,common woodland sedge,4,FAC,Graminoid,Perennial
Carex brevior,round-fruited sedge,5,FAC,Graminoid,Perennial
Carex bromoides ssp. bromoides,brome-like sedge,7,FACW,Herbaceous,Perennial
Carex brunnescens,brownish sedge,8,FACW,Graminoid,Perennial
Carex canescens ssp. canescens,typical hoary sedge,7,OBL,Graminoid,Perennial
Carex cephaloidea,cluster-headed sedge,4,FACU,Herbaceous,Perennial
Carex cephalophora,oval-headed sedge,5,FACU,Graminoid,Perennial
Carex communis var. communis,common sedge,7,UPL,Graminoid,Perennial
Carex comosa,bristly sedge,4,OBL,Graminoid,Perennial
Carex crinita var. crinita,common fringed sedge,3,OBL,Graminoid,Perennial
Carex cristatella,crested sedge,4,FACW,Graminoid,Perennial
Carex debilis var. rudgei,Rudge’s sedge,6,FACW,Graminoid,Perennial
Carex deweyana var. deweyana,Dewey’s sedge,6,FACU,Graminoid,Perennial
Carex digitalis var. digitalis,slender woodland sedge,5,UPL,Graminoid,Perennial
Carex disperma,soft-leaved sedge,10,OBL,Graminoid,Perennial
Carex eburnea,bristle-leaved sedge,8,FACU,Herbaceous,Perennial
Carex echinata ssp. echinata,star sedge,7,OBL,Graminoid,Perennial
Carex flava,large yellow sedge,4,OBL,Graminoid,Perennial
Carex folliculata,long sedge,7,OBL,Graminoid,Perennial
Carex gracilescens,slender rich woodland sedge,8,,Graminoid,Perennial
Carex gracillima,graceful sedge,3,FACU,Graminoid,Perennial
Carex granularis,limestone meadow sedge,2,FACW,Graminoid,Perennial
Carex grayi,Gray’s sedge,7,FACW,Herbaceous,Perennial
Carex grisea,gray sedge,5,FAC,Graminoid,Perennial
Carex hirsutella,smooth-fruited hirsute sedge,2,,Graminoid,Perennial
Carex hirtifolia,pubescent sedge,5,,Graminoid,Perennial
Carex hitchcockiana,Hitchcock’s sedge,8,,Graminoid,Perennial
Carex hystericina,porcupine sedge,5,OBL,Graminoid,Perennial
Carex interior,inland sedge,7,OBL,Graminoid,Perennial
Carex lacustris,lake sedge,5,OBL,Graminoid,Perennial
Carex laevivaginata,smooth-sheathed sedge,7,OBL,Graminoid,Perennial
Carex lasiocarpa ssp. americana,woolly-fruited sedge,9,OBL,Graminoid,Perennial
Carex laxiculmis var. laxiculmis,spreading sedge,5,,Graminoid,Perennial
Carex laxiflora,loose-flowered sedge,7,UPL,Graminoid,Perennial
Carex leptalea,bristle-stalked sedge,8,OBL,Graminoid,Perennial
Carex leptonervia,northern woodland sedge,7,FAC,Graminoid,Perennial
Carex limosa,mud sedge,9,OBL,Graminoid,Perennial
Carex lupulina,hop sedge,7,OBL,Graminoid,Perennial
Carex lurida,sallow sedge,4,OBL,Graminoid,Perennial
Carex normalis,large straw sedge,1,FACW,Graminoid,Perennial
Carex novae-angliae,New England sedge,7,FACU,Graminoid,Perennial
Carex oederi ssp. oederi,green sedge,5,OBL,Graminoid,Perennial
Carex oligocarpa,few-fruited sedge,7,,Graminoid,Perennial
Carex pallescens,pale sedge,1,FAC,Graminoid,Perennial
Carex pauciflora,few-flowered sedge,10,OBL,Graminoid,Perennial
Carex pedunculata ssp. pedunculata,long-stalked sedge,6,FAC,Graminoid,Perennial
Carex pellita,woolly sedge,4,OBL,Graminoid,Perennial
Carex pensylvanica,Pennsylvania sedge,6,,Graminoid,Perennial
Carex plantaginea,plantain-leaved sedge,7,,Graminoid,Perennial
Carex platyphylla,broad-leaved sedge,7,,Graminoid,Perennial
Carex prasina,elegant drooping sedge,8,OBL,Graminoid,Perennial
Carex projecta,necklace sedge,4,FACW,Herbaceous,Perennial
Carex pseudocyperus,cyperus-like sedge,6,OBL,Graminoid,Perennial
Carex radiata,narrow-leaved upland star sedge,7,FAC,Graminoid,Perennial
Carex retrorsa,backward-fruited sedge,6,OBL,Graminoid,Perennial
Carex rosea,common upland star sedge,7,FACU,Graminoid,Perennial
Carex scabrata,rough sedge,8,OBL,Graminoid,Perennial
Carex scoparia,pointed broom sedge,1,FACW,Graminoid,Perennial
Carex seorsa,weak stellate sedge,8,FACW,Herbaceous,Perennial
Carex sparganioides,bur-reed sedge,6,FACU,Graminoid,Perennial
Carex stipata var. stipata,awl-fruited sedge,5,OBL,Graminoid,Perennial
Carex swanii,Swan’s sedge,7,FACU,Graminoid,Perennial
Carex tenera,slender sedge,2,FAC,Herbaceous,Perennial
Carex tetanica,rigid sedge,8,FACW,Herbaceous,Perennial
Carex torta,twisted sedge,8,OBL,Graminoid,Perennial
Carex tribuloides var. tribuloides,blunt broom sedge,4,FACW,Graminoid,Perennial
Carex trichocarpa,hairy-fruited sedge,5,OBL,Graminoid,Perennial
Carex trisperma,three-fruited sedge,8,OBL,Graminoid,Perennial
Carex tuckermanii,Tuckerman’s sedge,8,OBL,Graminoid,Perennial
Carex virescens,ribbed sedge,8,,Graminoid,Perennial
Carex vulpinoidea,fox sedge,2,OBL,Graminoid,Perennial
Carex woodii,Wood’s sedge,8,FACU,Graminoid,Perennial
Carpinus caroliniana ssp. virginiana,"musclewood, ironwood, American hornbeam",6,FAC,"Tree, Shrub",Perennial
Carya cordiformis,bitternut hickory,7,FAC,Tree,Perennial
Carya glabra,pignut hickory,7,FACU,Tree,Perennial
Carya ovata var. ovata,shagbark hickory,7,FACU,Tree,Perennial
Carya tomentosa,mockernut hickory,7,,Tree,Perennial
Castanea dentata,American chestnut,6,,Tree,Perennial
Ceanothus americanus,New Jersey tea,7,,"Subshrub, Shrub",Perennial
Celtis occidentalis,northern hackberry,7,FAC,"Tree, Shrub",Perennial
Cenchrus longispinus,long-spined sandbur,5,UPL,Graminoid,Annual
Cephalanthus occidentalis,buttonbush,7,OBL,"Tree, Shrub",Perennial
Cerastium nutans var. nutans,nodding chickweed,NA,FACU,Herbaceous,Annual
Ceratophyllum demersum,common coontail,4,OBL,Forb/herb,Perennial
Chamaecrista fasciculata var. fasciculata,partridge pea,1,FACU,Forb/herb,Annual
Chamaedaphne calyculata,leatherleaf,8,OBL,Shrub,Perennial
Chamaenerion angustifolium ssp. circumvagum,fireweed,3,FAC,Forb/herb,
Chelone glabra,white turtlehead,6,OBL,Forb/herb,Perennial
Chenopodiastrum simplex,maple-leaved goosefoot,3,,Forb/herb,Annual
Chimaphila maculata,spotted wintergreen,7,,"Subshrub, Shrub",Perennial
Chimaphila umbellata,pipsissewa,7,,"Subshrub, Shrub",Perennial
Chrysosplenium americanum,golden carpet,8,OBL,Forb/herb,Perennial
Cicuta bulbifera,bulb-bearing water hemlock,6,OBL,Forb/herb,Perennial
Cicuta maculata var. maculata,spotted water hemlock,5,OBL,Herbaceous,Perennial
Cinna arundinacea,stout woodreed,7,FACW,Herbaceous,Perennial
Cinna latifolia,drooping woodreed,7,FACW,Graminoid,Perennial
Circaea alpina ssp. alpina,dwarf enchanter’s nightshade,8,FACW,Forb/herb,Perennial
Circaea alpina ssp. alpina × C. canadensis = C. ×sterilis,sterile enchanter’s nightshade,NA,,Forb/herb,Perennial
Cirsium discolor,field thistle,1,UPL,Herbaceous,Biennial
Cirsium muticum,swamp thistle,9,OBL,Forb/herb,Biennial
Cirsium pumilum ssp. pumilum,pasture thistle,1,,Forb/herb,Biennial
Cladium mariscoides,twig rush,9,OBL,Graminoid,Perennial
Claytonia caroliniana,Carolina spring beauty,8,FACU,Forb/herb,Perennial
Claytonia virginica,eastern spring beauty,7,FACU,Herbaceous,Perennial
Clematis virginiana,virgin’s bower,3,FAC,"Vine, Subshrub",Perennial
Clintonia borealis,blue bead lily,8,FAC,Forb/herb,Perennial
Collinsonia canadensis,"stoneroot, horsebalm",7,FAC,Forb/herb,Perennial
Comandra umbellata ssp. umbellata,bastard toad flax,7,FACU,Herbaceous,Perennial
Comarum palustre,marsh cinquefoil,9,OBL,Herbaceous,Perennial
Comptonia peregrina,sweet fern,6,,"Subshrub, Shrub",Perennial
Conioselinum chinense,hemlock parsley,7,FACW,Forb/herb,Perennial
Conopholis americana,oakdrops,7,,Forb/herb,Perennial
Coptis trifolia,goldthread,8,FACW,Forb/herb,Perennial
Corallorhiza maculata var. maculata,late spotted coralroot,8,FACU,Forb/herb,Perennial
Corallorhiza odontorhiza var. odontorhiza,autumn coralroot,8,,Forb/herb,Perennial
Corallorhiza trifida,early coralroot,10,FACW,Forb/herb,Perennial
Cornus alternifolia,"pagoda dogwood, alternate-leaved dogwood",7,FACU,"Tree, Shrub",Perennial
Cornus amomum ssp. amomum,silky dogwood,6,FACW,"Tree, Shrub",Perennial
Cornus amomum ssp. obliqua,narrow-leaved dogwood,6,FACW,"Tree, Shrub",Perennial
Cornus canadensis,bunchberry,8,FAC,Herbaceous,Perennial
Cornus florida,flowering dogwood,7,FACU,Tree,Perennial
Cornus racemosa,"gray dogwood, red-panicled dogwood",2,FAC,"Tree, Shrub",Perennial
Cornus rugosa,round-leaved dogwood,7,,"Tree, Shrub",Perennial
Cornus sericea,red-osier dogwood,6,FACW,"Tree, Shrub",Perennial
Corylus americana,American hazelnut,6,FACU,Shrub,Perennial
Corylus cornuta ssp. cornuta,beaked hazelnut,7,FACU,"Tree, Shrub",Perennial
Crataegus calpodendron,late hawthorn,2,,"Tree, Shrub",Perennial
Crataegus chrysocarpa var. chrysocarpa,common fireberry hawthorn,2,,"Tree, Shrub",Perennial
Crataegus coccinea var. coccinea,scarlet hawthorn,2,,"Tree, Shrub",Perennial
Crataegus coccinea var. pringlei,Pringle’s hawthorn,2,,"Tree, Shrub",Perennial
Crataegus crus-galli var. crus-galli,cockspur hawthorn,2,FAC,"Tree, Shrub",Perennial
Crataegus jesupii,Jesup’s hawthorn,2,,"Tree, Shrub",Perennial
Crataegus macrosperma,large-seeded hawthorn,2,,"Tree, Shrub",Perennial
Crataegus populnea,poplar hawthorn,2,,"Tree, Shrub",Perennial
Crataegus pruinosa,frosted hawthorn,2,,"Tree, Shrub",Perennial
Crataegus punctata,dotted hawthorn,2,,"Tree, Shrub",Perennial
Crataegus scabrida,rough hawthorn,2,,"Tree, Shrub",Perennial
Crataegus schuettei var. schuettei,Schuette’s hawthorn,2,,"Tree, Shrub",Perennial
Crataegus suborbiculata,semi-orbicular leaved hawthorn,2,,"Tree, Shrub",Perennial
Crataegus succulenta var. succulenta,succulent hawthorn,2,,"Tree, Shrub",Perennial
Crocanthemum canadense,"Canada frostweed, Canada rock rose",6,,Herbaceous,Perennial
Cryptotaenia canadensis,honewort,6,FAC,Forb/herb,Perennial
Cubelium concolor,green violet,8,FACU,Herbaceous,Perennial
Cuscuta gronovii var. gronovii,common dodder,4,,"Vine, Forb/herb",Perennial
Cyperus bipartitus,shining flat sedge,4,FACW,Graminoid,Annual
Cyperus diandrus,umbrella flat sedge,6,OBL,Herbaceous,Annual
Cyperus esculentus var. leptostachyus,common yellow nut sedge,1,FACW,Graminoid,Perennial
Cyperus strigosus,false yellow nut sedge,3,FACW,Graminoid,Perennial
Cypripedium acaule,pink lady’s slipper,5,FACW,Forb/herb,Perennial
Cypripedium parviflorum var. makasin,northern small yellow lady’s slipper,9,FAC,Forb/herb,Perennial
Cypripedium parviflorum var. pubescens,large yellow lady’s slipper,10,FAC,Forb/herb,Perennial
Cypripedium reginae,showy lady’s slipper,9,FACW,Herbaceous,Perennial
Cystopteris bulbifera,bulblet fern,8,FACW,Fern,Perennial
Cystopteris fragilis,fragile fern,7,FACU,Fern,Perennial
Cystopteris tenuis,Mackay’s fragile fern,7,,Fern,Perennial
Danthonia compressa,northern oat grass,6,FACU,Graminoid,Perennial
Danthonia spicata,poverty grass,5,,Graminoid,Perennial
Decodon verticillatus,water willow,7,OBL,"Subshrub, Shrub",Perennial
Dendrolycopodium dendroideum,"prickly tree clubmoss, northern tree clubmoss",5,FACU,lycophyte,Perennial
Dendrolycopodium obscurum,flat-branched tree clubmoss,5,FACU,lycophyte,Perennial
Dennstaedtia punctilobula,hay-scented fern,4,UPL,Fern,Perennial
Deparia acrostichoides,silvery spleenwort,8,FAC,Fern,Perennial
Deschampsia cespitosa ssp. cespitosa,tufted hair grass,NA,,Graminoid,Perennial
Desmodium canadense,showy tick trefoil,4,FAC,Forb/herb,Perennial
Desmodium cuspidatum,large-bracted tick trefoil,7,,Forb/herb,Perennial
Desmodium paniculatum,panicled tick trefoil,6,FACU,Forb/herb,Perennial
Desmodium rotundifolium,round-leaved tick trefoil,8,,Forb/herb,Perennial
Dicentra canadensis,squirrel corn,8,,Forb/herb,Perennial
Dicentra cucullaria,Dutchman’s breeches,8,,Forb/herb,Perennial
Dichanthelium boreale,northern rosette grass,5,FAC,Graminoid,
Dichanthelium clandestinum,deer-tongue rosette grass,4,FACW,Graminoid,
Dichanthelium commutatum ssp. ashei,Ashe’s rosette grass,8,FAC,Graminoid,
Dichanthelium commutatum ssp. commutatum,variable rosette grass,10,FAC,,
Dichanthelium dichotomum ssp. dichotomum,forked rosette grass,8,FAC,Graminoid,
Dichanthelium lanuginosum,woolly rosette grass,4,FAC,Graminoid,Perennial
Dichanthelium linearifolium,linear-leaved rosette grass,7,,Graminoid,
Diervilla lonicera,bush honeysuckle,6,,Shrub,Perennial
Dioscorea villosa,wild yam,6,FAC,Vine,Perennial
Diphasiastrum digitatum,southern ground cedar,4,,lycophyte,Perennial
Diphasiastrum tristachyum,blue ground cedar,4,,lycophyte,Perennial
Dirca palustris,"eastern leatherwood, wicopy",8,FAC,Shrub,Perennial
Doellingeria infirma,cornel-leaved white aster,8,,Forb/herb,Perennial
Doellingeria umbellata var. umbellata,tall flat-topped white aster,4,FACW,Forb/herb,Perennial
Drosera intermedia,spatulate-leaved sundew,9,OBL,Forb/herb,Perennial
Drosera rotundifolia,round-leaved sundew,8,OBL,Forb/herb,Perennial
Drymocallis arguta,tall cinquefoil,7,FACU,Herbaceous,Perennial
Dryopteris carthusiana,spinulose wood fern,6,FACW,Fern,Perennial
Dryopteris carthusiana × D. intermedia = D. ×triploidea,triploid wood fern,NA,FAC,Fern,Perennial
Dryopteris clintoniana,Clinton’s wood fern,8,FACW,Fern,Perennial
Dryopteris cristata,crested wood fern,8,OBL,Fern,Perennial
Dryopteris goldieana,Goldie’s wood fern,9,FAC,Fern,Perennial
Dryopteris intermedia,"evergreen wood fern, fancy wood fern, common wood fern",5,FAC,Fern,Perennial
Dryopteris marginalis,marginal wood fern,6,FACU,Fern,Perennial
Dulichium arundinaceum var. arundinaceum,three-way sedge,8,OBL,Graminoid,Perennial
Echinochloa muricata var. microstachya,short-awned American barnyard grass,1,OBL,Graminoid,Annual
Echinocystis lobata,wild cucumber,3,FACW,Vine,Annual
Eleocharis acicularis,needle spike rush,4,OBL,Herbaceous,Annual
Eleocharis elliptica,elliptic spike rush,5,OBL,Graminoid,Perennial
Eleocharis erythropoda,red-footed spike rush,4,OBL,Graminoid,Perennial
Eleocharis obtusa var. obtusa,blunt spike rush,2,OBL,Herbaceous,Perennial
Eleocharis palustris,common spike rush,5,OBL,Graminoid,Perennial
Elodea canadensis,Canada waterweed,2,OBL,Forb/herb,Perennial
Elymus canadensis var. canadensis,Canada wild rye,6,FACU,Graminoid,Perennial
Elymus hystrix var. bigelovianus,Bigelow’s bottlebrush grass,5,FACU,Graminoid,Perennial
Elymus hystrix var. hystrix,bottlebrush grass,6,FACU,Graminoid,Perennial
Elymus riparius,eastern riverbank wild rye,6,FACW,Graminoid,Perennial
Elymus trachycaulus ssp. glaucus,blue-green wheat grass,8,FACU,Graminoid,Perennial
Elymus villosus var. villosus,downy wild rye,6,FACU,Graminoid,Perennial
Elymus virginicus var. virginicus,Virginia wild rye,6,FACW,Graminoid,Perennial
Elymus wiegandii,Wiegand’s wild rye,6,FAC,Graminoid,Perennial
Epifagus virginiana,beechdrops,7,,Forb/herb,Annual
Epigaea repens,"trailing arbutus, mayflower",7,,"Subshrub, Shrub",Perennial
Epilobium ciliatum ssp. ciliatum,fringed willowherb,3,FACW,Forb/herb,Perennial
Epilobium coloratum,eastern willowherb,2,OBL,Forb/herb,Perennial
Epilobium strictum,downy willowherb,8,OBL,Forb/herb,Perennial
Equisetum arvense,"field horsetail, common horsetail",2,FAC,Fern,Perennial
Equisetum fluviatile,river horsetail,4,OBL,Fern,Perennial
Equisetum hyemale ssp. affine,common scouring rush,2,FAC,Fern,Perennial
Equisetum scirpoides,dwarf scouring rush,9,FAC,Fern,Perennial
Equisetum sylvaticum,wood horsetail,7,FACW,Fern,Perennial
Equisetum variegatum ssp. variegatum,variegated scouring rush,3,FACW,Fern,Perennial
Eragrostis capillaris,lace love grass,2,,Graminoid,Annual
Eragrostis frankii,sandbar love grass,2,FACW,Graminoid,Annual
Eragrostis pectinacea var. pectinacea,tufted love grass,0,FAC,Herbaceous,Annual
Erechtites hieraciifolius var. hieraciifolius,common pilewort,3,FACU,Forb/herb,
Erigeron annuus,annual daisy fleabane,0,FACU,Forb/herb,Annual
Erigeron canadensis var. canadensis,common horseweed,0,FACU,Herbaceous,Annual
Erigeron philadelphicus var. philadelphicus,Philadelphia fleabane,2,FAC,Herbaceous,Biennial
Erigeron pulchellus var. pulchellus,Robin’s plantain,7,FACU,Herbaceous,Perennial
Erigeron strigosus,small daisy fleabane,0,FACU,Herbaceous,Annual
Eriophorum gracile,slender cotton grass,10,OBL,Graminoid,Perennial
Eriophorum vaginatum,tussock cotton grass,10,OBL,Graminoid,Perennial
Eriophorum virginicum,tawny cotton grass,9,OBL,Graminoid,Perennial
Eriophorum viridicarinatum,green-keeled cotton grass,10,OBL,Graminoid,Perennial
Erythronium albidum,white trout lily,6,FACU,Forb/herb,Perennial
Erythronium americanum ssp. americanum,yellow trout lily,5,,Forb/herb,Perennial
Euonymus atropurpureus,American wahoo,6,FACU,"Tree, Shrub",Perennial
Euonymus obovatus,running strawberry bush,7,FACU,Shrub,Perennial
Eupatorium perfoliatum,boneset,3,FACW,Forb/herb,Perennial
Eupatorium sessilifolium,upland thoroughwort,7,,Forb/herb,Perennial
Euphorbia corollata,flowering spurge,3,,Forb/herb,Perennial
Euphorbia maculata,spotted spurge,0,FACU,Herbaceous,
Euphorbia polygonifolia,northern seaside spurge,9,UPL,Forb/herb,Annual
Euphorbia vermiculata,hairy spurge,0,,Forb/herb,Annual
Eurybia divaricata,white wood aster,6,,Forb/herb,Perennial
Eurybia macrophylla,large-leaved aster,6,UPL,Forb/herb,Perennial
Euthamia graminifolia,common flat-topped goldenrod,1,FAC,Forb/herb,Perennial
Eutrochium maculatum var. maculatum,spotted Joe Pye weed,4,OBL,Herbaceous,Perennial
Eutrochium purpureum var. purpureum,purple Joe Pye weed,7,FAC,Forb/herb,Perennial
Fagus grandifolia,American beech,8,FACU,Tree,Perennial
Fallopia scandens,climbing false buckwheat,6,FAC,"Vine, Forb/herb",Perennial
Festuca octoflora var. tenella,northern six-weeks fescue,1,FACU,Graminoid,Annual
Festuca subverticillata,nodding fescue,7,FACU,Graminoid,Perennial
Floerkea proserpinacoides,false mermaid weed,6,FAC,Forb/herb,Annual
Fragaria vesca ssp. americana,American woodland strawberry,5,UPL,Forb/herb,Perennial
Fragaria virginiana ssp. virginiana,common wild strawberry,0,FACU,Forb/herb,Perennial
Fraxinus americana,white ash,3,FACU,Tree,Perennial
Fraxinus nigra,black ash,8,FACW,Tree,Perennial
Fraxinus pennsylvanica,green ash,4,FACW,Tree,Perennial
Galearis spectabilis,showy orchid,10,,Forb/herb,Perennial
Galium aparine,cleavers,0,FACU,"Vine, Forb/herb",Annual
Galium asprellum,rough bedstraw,6,OBL,Forb/herb,Perennial
Galium boreale,northern bedstraw,6,FAC,"Subshrub, Shrub",Perennial
Galium circaezans,forest wild licorice,7,FACU,Herbaceous,Perennial
Galium lanceolatum,lance-leaved wild licorice,7,,Forb/herb,Perennial
Galium obtusum ssp. obtusum,blunt-leaved bedstraw,7,FACW,Forb/herb,Perennial
Galium palustre,marsh bedstraw,3,OBL,Forb/herb,Perennial
Galium tinctorium,southern three-petaled bedstraw,5,OBL,Forb/herb,Perennial
Galium trifidum ssp. trifidum,northern three-petaled bedstraw,7,FACW,"Vine, Forb/herb",Perennial
Galium triflorum,sweet-scented bedstraw,7,FACU,Herbaceous,Perennial
Gaultheria hispidula,snowberry,9,FACW,"Subshrub, Shrub",Perennial
Gaultheria procumbens,"wintergreen, teaberry",6,FACU,"Subshrub, Shrub",Perennial
Gaylussacia baccata,black huckleberry,7,FACU,Shrub,Perennial
Gentiana andrewsii var. andrewsii,Andrew’s bottle gentian,5,FACW,Forb/herb,Perennial
Gentiana clausa,meadow bottle gentian,5,FACW,Forb/herb,Perennial
Gentiana linearis,narrow-leaved gentian,5,FACW,Forb/herb,Perennial
Gentianella quinquefolia ssp. quinquefolia,"stiff gentian, crystal gentian, agueweed",4,FAC,Herbaceous,Perennial
Gentianopsis crinita,common fringed gentian,5,FACW,Herbaceous,Biennial
Geranium bicknellii,northern crane’s bill,8,,Herbaceous,Biennial
Geranium carolinianum,Carolina crane’s bill,4,,Herbaceous,Biennial
Geranium maculatum,wild geranium,6,FACU,Forb/herb,Perennial
Geranium robertianum,herb Robert,4,FACU,Herbaceous,Biennial
Geum aleppicum,yellow avens,3,FAC,Herbaceous,Perennial
Geum canadense,white avens,5,FAC,Forb/herb,Perennial
Geum fragarioides,barren strawberry,7,,Forb/herb,Perennial
Geum laciniatum,rough avens,3,FACW,Forb/herb,Perennial
Geum rivale,"purple avens, water avens",8,OBL,Forb/herb,Perennial
Glyceria borealis,northern manna grass,7,OBL,Graminoid,Perennial
Glyceria canadensis,rattlesnake manna grass,8,OBL,Graminoid,Perennial
Glyceria grandis var. grandis,American manna grass,4,OBL,Graminoid,Perennial
Glyceria melicaria,slender manna grass,7,OBL,Graminoid,Perennial
Glyceria septentrionalis var. septentrionalis,floating manna grass,7,OBL,Graminoid,Perennial
Glyceria striata,fowl manna grass,6,OBL,Graminoid,Perennial
Goodyera pubescens,downy rattlesnake plantain,8,FACU,Forb/herb,Perennial
Goodyera repens,dwarf rattlesnake plantain,9,FACU,Forb/herb,Perennial
Gratiola neglecta,northern clammy hedge hyssop,4,OBL,Forb/herb,Annual
Gymnocarpium dryopteris,oak fern,8,FACU,Fern,Perennial
Hackelia virginiana,Virginia stickseed,4,FACU,Herbaceous,Biennial
Hamamelis virginiana,witch hazel,7,FACU,"Tree, Shrub",Perennial
Hedeoma pulegioides,American pennyroyal,5,,Forb/herb,Annual
Helenium autumnale,common sneezeweed,4,FACW,Forb/herb,Perennial
Helianthus decapetalus,thin-leaved sunflower,7,FACU,Forb/herb,Perennial
Helianthus divaricatus,woodland sunflower,7,,Forb/herb,Perennial
Helianthus giganteus,tall sunflower,4,FACW,Forb/herb,Perennial
Helianthus strumosus,rough sunflower,6,FACU,Forb/herb,Perennial
Heliopsis helianthoides ssp. helianthoides,smooth oxeye,5,FACU,Forb/herb,Perennial
Heliopsis helianthoides ssp. scabra,rough oxeye,5,FACU,Herbaceous,Perennial
Hepatica acutiloba,sharp-lobed hepatica,7,,Forb/herb,Perennial
Hepatica americana,round-lobed hepatica,7,,Forb/herb,Perennial
Heracleum maximum,cow parsnip,6,FACW,Forb/herb,Perennial
Heteranthera dubia,water star grass,5,OBL,Forb/herb,
Hibiscus moscheutos ssp. moscheutos,swamp rose mallow,7,OBL,Shrub,Perennial
Hieracium gronovii,beaked hawkweed,7,UPL,Forb/herb,Perennial
Hieracium paniculatum,panicled hawkweed,6,,Forb/herb,Perennial
Hieracium scabrum,sticky hawkweed,6,,Forb/herb,Perennial
Hieracium venosum,rattlesnake hawkweed,7,,Forb/herb,Perennial
Homalosorus pycnocarpos,glade fern,9,FAC,Fern,Perennial
Houstonia canadensis,Canada bluets,7,,,
Houstonia longifolia,long-leaved bluets,8,,Forb/herb,Perennial
Huperzia lucidula,shining firmoss,5,FAC,lycophyte,Perennial
Hydrocotyle americana,American marsh pennywort,6,OBL,Forb/herb,Perennial
Hydrophyllum canadense,Canada waterleaf,8,FAC,Forb/herb,Perennial
Hydrophyllum virginianum var. virginianum,Virginia waterleaf,6,FAC,Forb/herb,Perennial
Hylodesmum glutinosum,pointed-leaved tick trefoil,7,,Forb/herb,Perennial
Hypericum boreale,northern St. John’s wort,7,OBL,Forb/herb,Perennial
Hypericum ellipticum,pale St. John’s wort,6,OBL,Forb/herb,Perennial
Hypericum fraseri,Fraser’s marsh St. John’s wort,8,OBL,Forb/herb,Perennial
Hypericum mutilum ssp. mutilum,dwarf St. John’s wort,6,FACW,Herbaceous,Perennial
Hypericum punctatum,spotted St. John’s wort,4,FAC,Forb/herb,Perennial
Hypericum virginicum,Virginia marsh St. John’s wort,7,OBL,Forb/herb,Perennial
Hypopitys monotropa,yellow pinesap,7,,Forb/herb,Perennial
Ilex montana,mountain winterberry,8,FACU,"Tree, Shrub",Perennial
Ilex mucronata,mountain holly,8,OBL,"Tree, Shrub",Perennial
Ilex verticillata,common winterberry,7,FACW,"Tree, Shrub",Perennial
Impatiens capensis,"spotted jewelweed, spotted touch-me-not",3,FACW,Herbaceous,Annual
Impatiens pallida,"pale jewelweed, pale touch-me-not",3,FACW,Forb/herb,Annual
Isoetes echinospora ssp. muricata,spiny-spored quillwort,7,OBL,lycophyte,Perennial
Juglans cinerea,butternut,7,FACU,Tree,Perennial
Juglans nigra,black walnut,5,FACU,Tree,Perennial
Juncus acuminatus,sharp-fruited rush,6,OBL,Graminoid,Perennial
Juncus alpinoarticulatus ssp. americanus,alpine rush,7,OBL,Graminoid,Perennial
Juncus articulatus,jointed rush,4,OBL,Graminoid,Perennial
Juncus balticus ssp. littoralis,Baltic rush,2,OBL,Graminoid,Perennial
Juncus brachycephalus,small-headed rush,10,OBL,Graminoid,Perennial
Juncus bufonius,common toad rush,1,FACW,Graminoid,Annual
Juncus canadensis,Canada rush,8,OBL,Graminoid,Perennial
Juncus dudleyi,Dudley’s rush,2,FACW,Graminoid,Perennial
Juncus effusus ssp. solutus,common soft rush,2,OBL,Graminoid,Perennial
Juncus nodosus,knotted rush,3,OBL,Graminoid,Perennial
Juncus pylaei,Pylaie’s rush,3,OBL,Graminoid,Perennial
Juncus tenuis,path rush,0,FAC,Graminoid,Perennial
Juncus torreyi,Torrey’s rush,2,FACW,Herbaceous,Perennial
Juncus tweedyi,narrow-panicled rush,6,OBL,Graminoid,Perennial
Juniperus virginiana var. virginiana,eastern red cedar,3,FACU,Tree,Perennial
Justicia americana,American water willow,7,OBL,Forb/herb,Perennial
Kalmia latifolia,mountain laurel,7,FACU,Shrub,Perennial
Kalmia polifolia,bog laurel,10,OBL,Shrub,Perennial
Lactuca biennis,tall blue lettuce,1,FAC,Herbaceous,Biennial
Lactuca canadensis,tall lettuce,1,FACU,Forb/herb,
Laportea canadensis,wood nettle,8,FACW,Forb/herb,Perennial
Larix laricina,tamarack,5,FACW,Tree,Perennial
Lathyrus japonicus var. maritimus,beach pea,8,FACU,"Vine, Forb/herb",Perennial
Lathyrus palustris,marsh vetchling,7,FACW,"Vine, Forb/herb",Perennial
Lechea intermedia,large-podded pinweed,6,,Herbaceous,Perennial
Lechea mucronata,hairy pinweed,6,,Forb/herb,Perennial
Leersia oryzoides,rice cut grass,4,OBL,Graminoid,Perennial
Leersia virginica,white cut grass,5,FACW,Graminoid,Perennial
Lemna minor,common duckweed,2,OBL,Forb/herb,Perennial
Lepidium virginicum ssp. virginicum,wild pepperweed,0,FACU,Herbaceous,Biennial
Lespedeza capitata,round-headed bush clover,3,FACU,Forb/herb,Perennial
Lespedeza hirta × L. violacea = L. ×nuttallii,Nuttall’s bush clover,NA,,Forb/herb,Perennial
Lespedeza hirta ssp. hirta,hairy bush clover,6,,Forb/herb,Perennial
Lespedeza stuevei × L. virginica = L. ×neglecta,neglected bush clover,NA,,Forb/herb,Perennial
Lespedeza violacea,wand-like bush clover,7,,Forb/herb,
Lilium canadense,Canada lily,6,FAC,Forb/herb,Perennial
Lilium canadense × L. michiganense,hybrid lily,NA,,,
Lilium philadelphicum,wood lily,8,FAC,Herbaceous,Perennial
Lindera benzoin,spicebush,6,FACW,Shrub,Perennial
Lindernia dubia var. dubia,short-stalked false pimpernel,6,OBL,Herbaceous,Biennial
Linnaea borealis ssp. longiflora,twinflower,9,FAC,Forb/herb,Perennial
Linum virginianum,slender yellow flax,4,FAC,Forb/herb,Perennial
Liparis loeselii,Loesel’s twayblade,8,FACW,Forb/herb,Perennial
Liriodendron tulipifera,"tulip tree, tulip poplar, yellow poplar",6,FACU,Tree,Perennial
Lithospermum latifolium,American gromwell,8,,Forb/herb,Perennial
Lithospermum parviflorum,shaggy marbleseed,10,,Forb/herb,Perennial
Lobelia cardinalis,cardinal flower,7,OBL,Forb/herb,Perennial
Lobelia inflata,Indian tobacco,1,FACU,Forb/herb,Annual
Lobelia kalmii,Kalm’s lobelia,8,OBL,Forb/herb,Perennial
Lobelia siphilitica var. siphilitica,great blue lobelia,5,FACW,Forb/herb,Perennial
Lonicera canadensis,American fly honeysuckle,8,FACU,Shrub,Perennial
Lonicera dioica,smooth-leaved honeysuckle,6,FACU,Shrub,Perennial
Lonicera oblongifolia,swamp fly honeysuckle,9,OBL,Shrub,Perennial
Ludwigia palustris,water purslane,4,OBL,Forb/herb,Perennial
Luzula acuminata var. acuminata,hairy wood rush,7,FACU,Graminoid,Perennial
Luzula multiflora ssp. multiflora,common wood rush,5,FACU,Graminoid,Perennial
Lycopodium clavatum,staghorn clubmoss,5,FAC,lycophyte,Perennial
Lycopus americanus ssp. americanus,"American bugleweed, American water horehound",4,OBL,Forb/herb,Perennial
Lycopus uniflorus,"northern bugleweed, northern water horehound",4,OBL,Forb/herb,Perennial
Lycopus virginicus,"Virginia bugleweed, Virginia water horehound",4,OBL,Forb/herb,Perennial
Lysimachia borealis,starflower,6,FAC,Forb/herb,Perennial
Lysimachia ciliata,fringed loosestrife,4,FACW,Herbaceous,Perennial
Lysimachia quadrifolia,whorled loosestrife,6,FACU,Forb/herb,Perennial
Lysimachia quadrifolia × L. terrestris = L. ×producta,elongated loosestrife,NA,FAC,Forb/herb,Perennial
Lysimachia terrestris,swamp candles,7,OBL,Forb/herb,Perennial
Lysimachia thyrsiflora,tufted loosestrife,7,OBL,Forb/herb,Perennial
Lythrum alatum var. alatum,winged loosestrife,2,OBL,Herbaceous,Perennial
Magnolia acuminata,"cucumber tree, cucumber magnolia",7,FACU,Tree,Perennial
Maianthemum canadense,Canada mayflower,5,FACU,Forb/herb,Perennial
Maianthemum racemosum,false Solomon’s seal,6,FACU,Forb/herb,Perennial
Maianthemum stellatum,starry Solomon’s seal,7,FAC,Forb/herb,Perennial
Maianthemum trifolium,three-leaved Solomon’s seal,10,OBL,Forb/herb,Perennial
Malaxis monophyllos var. brachypoda,North American white adder’s mouth,10,FACW,Herbaceous,Perennial
Malus coronaria,wild crab apple,2,,"Tree, Shrub",Perennial
Matteuccia struthiopteris var. pensylvanica,ostrich fern,5,FAC,Fern,Perennial
Medeola virginiana,Indian cucumber root,7,FACU,Forb/herb,Perennial
Melampyrum lineare,cow wheat,7,FACU,Herbaceous,Annual
Menispermum canadense,moonseed,6,FAC,"Vine, Subshrub",Perennial
Mentha canadensis,American wild mint,4,FACW,Forb/herb,
Menyanthes trifoliata,buckbean,9,OBL,Forb/herb,
Mertensia virginica,eastern bluebells,7,FAC,Forb/herb,Perennial
Micranthes pensylvanica,swamp saxifrage,9,OBL,Forb/herb,Perennial
Micranthes virginiensis,early saxifrage,7,FACU,Forb/herb,Perennial
Milium effusum var. cisatlanticum,millet grass,8,FACU,Graminoid,Perennial
Mimulus ringens,Allegheny monkey flower,6,OBL,Forb/herb,Perennial
Mitchella repens,partridge berry,6,FACU,Herbaceous,Perennial
Mitella diphylla,"two-leaved mitrewort, two-leaved bishop’s cap",8,FACU,Herbaceous,Perennial
Mitella nuda,"naked mitrewort, naked bishop’s cap",9,FACW,Forb/herb,Perennial
Monarda didyma,"Oswego tea, beebalm",7,FACU,Forb/herb,Perennial
Monarda fistulosa var. fistulosa,common wild bergamot,2,FACU,"Subshrub, Shrub",Perennial
Monarda fistulosa var. mollis,pale wild bergamot,2,FACU,Herbaceous,Perennial
Monotropa uniflora,Indian pipe,7,FACU,Forb/herb,Perennial
Morella caroliniensis,bayberry,7,FAC,Shrub,Perennial
Morus rubra,red mulberry,8,FACU,Tree,Perennial
Muhlenbergia frondosa,smooth wire-stemmed muhly,4,FACW,Graminoid,
Muhlenbergia mexicana,hairy wire-stemmed muhly,4,FACW,Graminoid,
Muhlenbergia schreberi,nimble Will,0,FAC,Graminoid,
Muhlenbergia sylvatica,woodland muhly,6,FACW,Graminoid,
Myosotis laxa,smaller forget-me-not,3,OBL,Herbaceous,Biennial
Myosotis verna,spring forget-me-not,5,FACU,Herbaceous,Biennial
Myriophyllum sibiricum,northern water milfoil,8,OBL,Forb/herb,
Myriophyllum verticillatum,whorled water milfoil,6,OBL,Forb/herb,Perennial
Nabalus albus,white rattlesnake root,7,FACU,Herbaceous,Biennial
Nabalus altissimus,tall rattlesnake root,6,FACU,Forb/herb,Perennial
Nabalus trifoliolatus,three-leaved rattlesnake root,6,,Forb/herb,Perennial
Najas flexilis,"common water nymph, common naiad",3,OBL,Forb/herb,Annual
Nymphaea odorata ssp. odorata,fragrant white water lily,3,OBL,Herbaceous,Perennial
Nyssa sylvatica,"blackgum, sourgum",7,FAC,Tree,Perennial
Oclemena acuminata,whorled wood aster,7,FACU,Forb/herb,Perennial
Oenothera fruticosa ssp. tetragona,northern sundrops,10,FACU,Forb/herb,Perennial
Oenothera parviflora,small-flowered evening primrose,0,FACU,Forb/herb,
Onoclea sensibilis,sensitive fern,2,FACW,Fern,Perennial
Ophioglossum pusillum,northern adder’s tongue,5,FACW,Fern,Perennial
Orthilia secunda,one-sided wintergreen,7,FAC,"Subshrub, Shrub",Perennial
Oryzopsis asperifolia,spreading white grass,7,,Graminoid,Perennial
Osmorhiza claytonii,bland sweet cicely,7,FACU,Herbaceous,Perennial
Osmorhiza longistylis,"aniseroot, long-styled sweet cicely",7,FACU,Herbaceous,Perennial
Osmunda claytoniana,interrupted fern,4,FAC,Fern,Perennial
Osmunda regalis var. spectabilis,royal fern,6,OBL,Fern,Perennial
Osmundastrum cinnamomeum var. cinnamomeum,cinnamon fern,6,FACW,Fern,Perennial
Ostrya virginiana,"hop hornbeam, ironwood",7,FACU,Tree,Perennial
Oxalis montana,northern wood sorrel,7,FACU,Forb/herb,Perennial
Oxalis stricta,common yellow wood sorrel,0,FACU,Forb/herb,Perennial
Packera aurea,golden ragwort,7,FACW,Forb/herb,Perennial
Packera obovata,round-leaved ragwort,8,FACU,Herbaceous,Perennial
Palustricodon aparinoides,marsh bellflower,8,OBL,Forb/herb,Perennial
Panax quinquefolius,American ginseng,9,,Forb/herb,Perennial
Panax trifolius,dwarf ginseng,8,,Forb/herb,Perennial
Panicum capillare ssp. capillare,common witch grass,0,FAC,Graminoid,Annual
Panicum dichotomiflorum ssp. dichotomiflorum,smooth panic grass,1,FACW,Graminoid,Annual
Panicum philadelphicum ssp. gattingeri,Gattinger’s witch grass,5,FAC,Graminoid,Annual
Panicum virgatum,switch grass,4,FAC,Graminoid,Perennial
Parnassia glauca,common grass-of-Parnassus,8,OBL,Forb/herb,Perennial
Parogonum ciliinode,fringed bindweed,4,,Herbaceous,Perennial
Parthenocissus inserta,thicket creeper,2,FACU,Vine,Perennial
Parthenocissus quinquefolia,Virginia creeper,4,FACU,Vine,Perennial
Patis racemosa,black-fruited rice grass,8,,Graminoid,
Pedicularis canadensis,"wood betony, eastern lousewort",6,FACU,Herbaceous,Perennial
Peltandra virginica,"green arrow arum, tuckahoe",6,OBL,Forb/herb,Perennial
Penstemon hirsutus,hairy beardtongue,7,,Forb/herb,Perennial
Penstemon pallidus,pale beardtongue,10,UPL,Forb/herb,Perennial
Penthorum sedoides,ditch stonecrop,4,OBL,Forb/herb,Perennial
Persicaria amphibia ssp. laevimarginata,American water smartweed,6,OBL,Forb/herb,Perennial
Persicaria arifolia,halberd-leaved tearthumb,6,OBL,Herbaceous,Perennial
Persicaria coccinea,scarlet smartweed,5,OBL,,
Persicaria hydropiperoides,mild water pepper,6,OBL,Herbaceous,Perennial
Persicaria lapathifolia,dock-leaved smartweed,1,FACW,Forb/herb,Annual
Persicaria pensylvanica,Pennsylvania smartweed,2,FACW,Forb/herb,Annual
Persicaria punctata,dotted smartweed,4,OBL,Herbaceous,Perennial
Persicaria robustior,stout smartweed,NA,OBL,,
Persicaria sagittata,arrow-leaved tearthumb,4,OBL,Herbaceous,Perennial
Persicaria virginiana,jumpseed,5,FAC,Herbaceous,Perennial
Phalaris arundinacea,reed canary grass,0,FACW,Graminoid,Perennial
Phegopteris connectilis,long beech fern,7,FACU,Fern,Perennial
Phegopteris hexagonoptera,broad beech fern,7,FACU,Fern,Perennial
Phlox divaricata ssp. divaricata,"timber phlox, wild blue phlox",8,FACU,Herbaceous,Perennial
Phryma leptostachya,lopseed,7,FACU,Forb/herb,Perennial
Physalis heterophylla,clammy ground cherry,0,,Forb/herb,Perennial
Physalis longifolia var. subglabrata,long-leaved ground cherry,0,,Forb/herb,Perennial
Physocarpus opulifolius,ninebark,7,FACW,Shrub,Perennial
Physostegia virginiana ssp. virginiana,northern obedient plant,9,FACW,Forb/herb,Perennial
Phytolacca americana var. americana,pokeweed,0,FACU,Forb/herb,Perennial
Picea glauca,white spruce,8,FACU,Tree,Perennial
Picea mariana,black spruce,7,FACW,Tree,Perennial
Picea rubens,red spruce,6,FACU,Tree,Perennial
Pilea fontana,black-fruited clearweed,6,FACW,Forb/herb,Annual
Pilea pumila var. pumila,green-fruited clearweed,2,FACW,Forb/herb,Annual
Pinus resinosa,red pine,8,FACU,Tree,Perennial
Pinus strobus,white pine,3,FACU,Tree,Perennial
Plantago rugelii,Rugel’s plantain,0,FAC,Forb/herb,Perennial
Plantago virginica,pale-seeded plantain,10,FACU,Herbaceous,Biennial
Platanthera aquilonis,northern green bog orchid,8,FACW,Herbaceous,Perennial
Platanthera blephariglottis var. blephariglottis,white fringed orchid,10,OBL,Forb/herb,Perennial
Platanthera clavellata,little club spur orchid,7,FACW,Forb/herb,Perennial
Platanthera dilatata var. dilatata,"white bog orchid, bog candle",8,FACW,Herbaceous,Perennial
Platanthera flava var. herbiola,northern tubercled orchid,3,FACW,Forb/herb,Perennial
Platanthera grandiflora,large purple fringed orchid,8,FACW,Forb/herb,Perennial
Platanthera lacera,ragged fringed orchid,3,FACW,Forb/herb,Perennial
Platanthera macrophylla,large-spurred round-leaved orchid,9,FAC,Forb/herb,Perennial
Platanthera orbiculata,small-spurred round-leaved orchid,9,FAC,Forb/herb,Perennial
Platanthera psycodes,lesser purple fringed orchid,8,FACW,Herbaceous,Perennial
Platanus occidentalis,eastern sycamore,6,FACW,Tree,Perennial
Poa alsodes,grove blue grass,3,FAC,Graminoid,Perennial
Poa palustris,fowl blue grass,2,FACW,Herbaceous,Perennial
Poa saltuensis ssp. languida,weak blue grass,8,,Graminoid,Perennial
Poa saltuensis ssp. saltuensis,common weak blue grass,5,,Graminoid,Perennial
Podophyllum peltatum,may apple,5,FACU,Herbaceous,Perennial
Pogonia ophioglossoides,rose pogonia,9,OBL,Forb/herb,Perennial
Polanisia dodecandra ssp. dodecandra,red-whiskered clammyweed,6,UPL,Forb/herb,Annual
Polemonium reptans var. reptans,common Jacob’s ladder,7,FAC,Herbaceous,Perennial
Polygala sanguinea,blood milkwort,1,FACU,Forb/herb,Annual
Polygala verticillata,whorled milkwort,4,UPL,Forb/herb,Annual
Polygaloides paucifolia,"gaywings, fringed milkwort",7,FACU,Forb/herb,Perennial
Polygonatum biflorum var. biflorum,small Solomon’s seal,7,FACU,Forb/herb,Perennial
Polygonatum biflorum var. commutatum,large Solomon’s seal,5,FACU,,
Polygonatum pubescens,hairy Solomon’s seal,7,FACU,Forb/herb,Perennial
Polygonum achoreum,Blake’s knotweed,0,FACU,Forb/herb,Annual
Polygonum erectum,erect knotweed,10,FACU,Forb/herb,Annual
Polygonum ramosissimum ssp. prolificum,proliferous knotweed,1,FAC,Forb/herb,Annual
Polygonum ramosissimum ssp. ramosissimum,bushy knotweed,1,FAC,Forb/herb,Annual
Polymnia canadensis,leafcup,7,FACU,Forb/herb,Perennial
Polypodium virginianum,"Virginian rock polypody, Virginian polypody",7,,Fern,Perennial
Polystichum acrostichoides,Christmas fern,6,FACU,Fern,Perennial
Pontederia cordata,pickerel weed,4,OBL,Forb/herb,Perennial
Populus deltoides ssp. deltoides,eastern cottonwood,2,FAC,Tree,Perennial
Populus tremuloides,"trembling aspen, quaking aspen",3,FACU,Tree,Perennial
Potamogeton amplifolius,big-leaved pondweed,7,OBL,Forb/herb,Perennial
Potamogeton epihydrus,ribbon-leaved pondweed,6,OBL,Forb/herb,Perennial
Potamogeton foliosus ssp. foliosus,leafy pondweed,2,OBL,Forb/herb,Perennial
Potamogeton gramineus,grass-leaved pondweed,7,OBL,Forb/herb,Perennial
Potamogeton gramineus × P. illinoensis = P. ×spathuliformis,spatulate-leaved pondweed,NA,OBL,Forb/herb,Perennial
Potamogeton illinoensis,Illinois pondweed,7,OBL,Forb/herb,Perennial
Potamogeton nodosus,long-leaved pondweed,4,OBL,Forb/herb,Perennial
Potamogeton obtusifolius,blunt-leaved pondweed,6,OBL,Forb/herb,Perennial
Potamogeton perfoliatus,clasping-leaved pondweed,5,OBL,Forb/herb,Perennial
Potamogeton pusillus,common narrow-leaved pondweed,5,OBL,Forb/herb,
Potamogeton richardsonii,Richard’s pondweed,6,OBL,Forb/herb,Perennial
Potamogeton vaseyi,Vasey’s pondweed,8,OBL,Forb/herb,Perennial
Potamogeton zosteriformis,flat-stemmed pondweed,5,OBL,Forb/herb,Perennial
Potentilla anserina ssp. anserina,common silverweed,3,FACW,Herbaceous,Perennial
Potentilla norvegica,ternate-leaved cinquefoil,0,FAC,Herbaceous,Perennial
Potentilla simplex,oldfield cinquefoil,0,FACU,Forb/herb,Perennial
Prosartes lanuginosa,yellow mandarin,8,,Forb/herb,Perennial
Prunus americana,American plum,2,UPL,"Tree, Shrub",Perennial
Prunus nigra,Canada plum,2,FACU,Tree,Perennial
Prunus pensylvanica,"pin cherry, fire cherry",4,FACU,Tree,Perennial
Prunus serotina var. serotina,wild black cherry,4,FACU,"Tree, Shrub",Perennial
Prunus virginiana var. virginiana,choke cherry,3,FACU,"Tree, Shrub",Perennial
Pseudognaphalium macounii,clammy rabbit tobacco,1,,Forb/herb,
Pseudognaphalium obtusifolium,fragrant rabbit tobacco,2,,Forb/herb,Annual
Pteridium aquilinum ssp. latiusculum,eastern bracken fern,3,FACU,Fern,Perennial
Pycnanthemum tenuifolium,narrow-leaved mountain mint,3,FAC,Forb/herb,Perennial
Pycnanthemum virginianum,Virginia mountain mint,3,FACW,Forb/herb,Perennial
Pyrola chlorantha,green-flowered shinleaf,8,FACU,"Subshrub, Shrub",Perennial
Pyrola elliptica,common shinleaf,6,FACU,"Subshrub, Shrub",Perennial
Quercus alba,white oak,7,FACU,Tree,Perennial
Quercus bicolor,swamp white oak,7,FACW,Tree,Perennial
Quercus macrocarpa,bur oak,6,FACU,Tree,Perennial
Quercus montana,chestnut oak,8,UPL,Tree,Perennial
Quercus muehlenbergii,"yellow oak, chinquapin oak",8,FACU,Tree,Perennial
Quercus palustris,pin oak,7,FACW,Tree,Perennial
Quercus rubra,northern red oak,7,FACU,Tree,Perennial
Ranunculus abortivus,"kidney-leaved buttercup, kidney-leaved crowfoot",6,FAC,Herbaceous,Perennial
Ranunculus caricetorum,"northern swamp buttercup, northern swamp crowfoot",7,FAC,Forb/herb,Perennial
Ranunculus fascicularis,"early buttercup, early crowfoot",8,FACU,Forb/herb,Perennial
Ranunculus flabellaris,"yellow water buttercup, yellow water crowfoot",8,OBL,Forb/herb,Perennial
Ranunculus hispidus,"woodland buttercup, woodland crowfoot",7,FAC,Forb/herb,Perennial
Ranunculus longirostris,long-beaked white water buttercup,NA,OBL,,
Ranunculus pensylvanicus,"bristly buttercup, bristly crowfoot",2,OBL,Herbaceous,Annual
Ranunculus recurvatus var. recurvatus,"hooked buttercup, hooked crowfoot",6,FACW,Forb/herb,Perennial
Ranunculus sceleratus var. sceleratus,"cursed buttercup, cursed crowfoot",3,OBL,Herbaceous,Annual
Rhamnus alnifolia,alder-leaved buckthorn,9,OBL,Shrub,Perennial
Rhododendron groenlandicum,Labrador tea,9,OBL,Shrub,Perennial
Rhododendron maximum,"great rosebay, great laurel",9,FAC,"Tree, Shrub",Perennial
Rhododendron periclymenoides,pinxter flower,7,FAC,Shrub,Perennial
Rhododendron prinophyllum,early azalea,6,FAC,Shrub,Perennial
Rhus glabra,smooth sumac,3,,"Tree, Shrub",Perennial
Rhus typhina,staghorn sumac,1,,Tree,Perennial
Rhynchospora alba,white beak sedge,10,OBL,Graminoid,Perennial
Rhynchospora capillacea,hair beak sedge,10,OBL,Graminoid,Perennial
Ribes americanum,wild black currant,6,FACW,Shrub,Perennial
Ribes cynosbati,"prickly gooseberry, dogberry",6,FACU,Shrub,Perennial
Ribes glandulosum,skunk currant,8,FACW,Shrub,Perennial
Ribes hirtellum,northern gooseberry,7,FACW,Shrub,Perennial
Ribes triste,swamp red currant,8,OBL,Shrub,Perennial
Rorippa palustris ssp. palustris,marsh yellow cress,3,OBL,Herbaceous,Biennial
Rosa carolina ssp. carolina,eastern pasture rose,2,FACU,"Subshrub, Shrub",Perennial
Rosa palustris,swamp rose,9,OBL,Shrub,Perennial
Rosa setigera,"Ozark rose, climbing rose",1,FACU,"Vine, Shrub",Perennial
Rosa virginiana,Virginia rose,4,FAC,Shrub,Perennial
Rubus allegheniensis,common blackberry,3,FACU,Shrub,Perennial
Rubus flagellaris,northern dewberry,1,FACU,Shrub,Perennial
Rubus hispidus,swamp dewberry,7,FACW,Shrub,Perennial
Rubus idaeus ssp. strigosus,American red raspberry,3,FACU,Shrub,Perennial
Rubus occidentalis,black raspberry,3,,Shrub,Perennial
Rubus odoratus,purple-flowering raspberry,7,,Shrub,Perennial
Rubus pubescens,dwarf raspberry,8,FACW,Shrub,Perennial
Rubus repens,dewdrop,9,FAC,Herbaceous,Perennial
Rudbeckia laciniata var. laciniata,green-headed coneflower,5,FACW,Herbaceous,Perennial
Rumex altissimus,pale dock,10,FACW,Forb/herb,Perennial
Rumex britannica,great water dock,7,OBL,Forb/herb,Perennial
Rumex triangulivalvis,white dock,4,FAC,Forb/herb,Perennial
Rumex verticillatus,swamp dock,6,OBL,Forb/herb,Perennial
Sagittaria graminea ssp. graminea,grass-leaved arrowhead,8,OBL,Forb/herb,Perennial
Sagittaria latifolia,common arrowhead,3,OBL,Forb/herb,Perennial
Sagittaria rigida,sessile-fruited arrowhead,6,OBL,Forb/herb,Perennial
Salix amygdaloides,peach-leaved willow,3,FACW,"Tree, Shrub",Perennial
Salix bebbiana,Bebb’s willow,3,FACW,"Tree, Shrub",Perennial
Salix discolor,pussy willow,3,FACW,"Tree, Shrub",Perennial
Salix eriocephala,"heart-leaved willow, Missouri willow",3,FACW,"Tree, Shrub",Perennial
Salix humilis var. humilis,"prairie willow, upland willow",4,FACU,Shrub,Perennial
Salix interior,sandbar willow,5,FACW,Tree,Perennial
Salix lucida,shining willow,5,FACW,Tree,Perennial
Salix nigra,black willow,5,OBL,Tree,Perennial
Salix pedicellaris,bog willow,10,OBL,Shrub,Perennial
Salix petiolaris,meadow willow,5,FACW,"Tree, Shrub",Perennial
Salix sericea,silky willow,5,OBL,"Tree, Shrub",Perennial
Salix serissima,autumn willow,9,OBL,"Tree, Shrub",Perennial
Sambucus nigra ssp. canadensis,common elderberry,4,FACW,Shrub,Perennial
Sambucus racemosa,red elderberry,6,FACU,Shrub,Perennial
Samolus valerandi,"water pimpernel, brookweed",4,OBL,Forb/herb,
Sanguinaria canadensis,bloodroot,6,FACU,Forb/herb,Perennial
Sanguisorba canadensis,Canadian burnet,9,FACW,Herbaceous,Perennial
Sanicula canadensis var. canadensis,"common Canada sanicle, common Canada snakeroot",7,FACU,Forb/herb,Biennial
Sanicula marilandica,"Maryland sanicle, Maryland snakeroot",6,FACU,Forb/herb,Perennial
Sanicula odorata,"clustered sanicle, clustered snakeroot",7,FAC,Forb/herb,Perennial
Sanicula trifoliata,"large-fruited sanicle, large-fruited snakeroot",NA,,Forb/herb,Perennial
Sarracenia purpurea,purple pitcherplant,9,OBL,Herbaceous,Perennial
Sassafras albidum,sassafras,4,FACU,Tree,Perennial
Saururus cernuus,lizard’s tail,6,OBL,Forb/herb,Perennial
Schizachne purpurascens,false melic grass,8,FACU,Graminoid,Perennial
Schizachyrium scoparium var. scoparium,little bluestem,4,FACU,Graminoid,Perennial
Schoenoplectus pungens var. pungens,three-square bulrush,6,OBL,Graminoid,Perennial
Schoenoplectus subterminalis,water bulrush,10,OBL,Graminoid,Perennial
Schoenoplectus tabernaemontani,soft-stemmed bulrush,4,OBL,Graminoid,Perennial
Schoenoplectus torreyi,Torrey’s bulrush,10,OBL,Graminoid,Perennial
Scirpus atrovirens,dark-green bulrush,2,OBL,Graminoid,Perennial
Scirpus cyperinus,common wool grass,4,OBL,Graminoid,Perennial
Scirpus microcarpus,barber-pole bulrush,6,OBL,Graminoid,Perennial
Scirpus pedicellatus,stalked wool grass,7,OBL,Graminoid,Perennial
Scirpus pendulus,pendulous bulrush,1,OBL,Graminoid,Perennial
Scirpus polyphyllus,leafy bulrush,6,OBL,Graminoid,Perennial
Scrophularia lanceolata,lance-leaved figwort,5,FACU,Forb/herb,Perennial
Scrophularia marilandica,carpenter’s square,5,FACU,Herbaceous,Perennial
Scutellaria galericulata,marsh skullcap,6,OBL,Forb/herb,Perennial
Scutellaria lateriflora,mad dog skullcap,7,OBL,Forb/herb,Perennial
Scutellaria parvula var. missouriensis,Leonard’s skullcap,10,FACU,Herbaceous,Perennial
Selaginella apoda,meadow spikemoss,6,FACW,lycophyte,Perennial
Senna hebecarpa,northern wild senna,4,FACW,Forb/herb,Perennial
Shepherdia canadensis,Canada buffalo berry,8,UPL,Shrub,Perennial
Sicyos angulatus,bur cucumber,5,FACW,Vine,Annual
Silene antirrhina,sleepy catchfly,3,,Forb/herb,Annual
Sisyrinchium angustifolium,narrow-leaved blue-eyed grass,1,FAC,Herbaceous,Perennial
Sisyrinchium montanum,mountain blue-eyed grass,1,FAC,Forb/herb,Perennial
Sium suave,hemlock water parsnip,6,OBL,Forb/herb,Perennial
Smilax herbacea,common carrion flower,5,FAC,"Vine, Forb/herb",Perennial
Smilax hispida,bristly greenbrier,6,FAC,"Vine, Forb/herb",Perennial
Smilax rotundifolia,common greenbrier,4,FAC,Vine,Perennial
Solanum carolinense var. carolinense,horse nettle,0,FACU,Herbaceous,Perennial
Solanum emulans,eastern black nightshade,0,FACU,Forb/herb,Annual
Solidago altissima ssp. altissima,tall goldenrod,1,FACU,Forb/herb,Perennial
Solidago arguta,cut-leaved goldenrod,6,FACU,Forb/herb,Perennial
Solidago bicolor,silver rod,6,,Forb/herb,Perennial
Solidago caesia var. caesia,"blue-stemmed goldenrod, wreath goldenrod",6,FACU,Forb/herb,Perennial
Solidago canadensis var. canadensis,Canada goldenrod,0,FACU,Forb/herb,Perennial
Solidago canadensis var. hargeri,Harger’s goldenrod,0,FACU,Forb/herb,Perennial
Solidago flexicaulis,zigzag goldenrod,6,FACU,Forb/herb,Perennial
Solidago gigantea,swamp goldenrod,3,FACW,Forb/herb,Perennial
Solidago hispida,hairy goldenrod,7,,Forb/herb,Perennial
Solidago juncea,early goldenrod,3,,Forb/herb,Perennial
Solidago nemoralis ssp. nemoralis,gray goldenrod,3,,Forb/herb,Perennial
Solidago odora,sweet goldenrod,6,,Forb/herb,Perennial
Solidago patula,rough-leaved goldenrod,7,OBL,Forb/herb,Perennial
Solidago rugosa var. rugosa,common wrinkle-leaved goldenrod,1,FAC,Forb/herb,Perennial
Solidago sempervirens,northern seaside goldenrod,4,FACW,Forb/herb,Perennial
Solidago squarrosa,stout goldenrod,7,,Forb/herb,Perennial
Solidago uliginosa var. uliginosa,bog goldenrod,NA,OBL,Forb/herb,Perennial
Solidago ulmifolia var. ulmifolia,elm-leaved goldenrod,7,,Forb/herb,Perennial
Sorghastrum nutans,Indian grass,6,FACU,Graminoid,Perennial
Sparganium americanum,American bur-reed,4,OBL,Forb/herb,Perennial
Sparganium chlorocarpum,green-fruited bur-reed,4,OBL,Herbaceous,Perennial
Sparganium eurycarpum,giant bur-reed,4,OBL,Forb/herb,Perennial
Sphenopholis intermedia,slender wedge grass,6,FAC,Graminoid,
Sphenopholis nitida,shiny wedge grass,8,UPL,Graminoid,Perennial
Spinulum annotinum,common bristly clubmoss,5,FAC,lycophyte,Perennial
Spiraea alba var. alba,narrow-leaved meadowsweet,3,FACW,Shrub,Perennial
Spiraea alba var. latifolia,broad-leaved meadowsweet,4,FACW,Shrub,Perennial
Spiranthes cernua,nodding ladies’ tresses,2,FACW,Herbaceous,Perennial
Spiranthes lucida,shining ladies’ tresses,4,FACW,Herbaceous,Perennial
Spiranthes ochroleuca,yellow ladies’ tresses,7,,Forb/herb,Perennial
Sporobolus cryptandrus,sand dropseed,7,FACU,Graminoid,Perennial
Sporobolus michauxianus,prairie cord grass,7,FACW,Graminoid,Perennial
Sporobolus neglectus,small dropseed,1,FACU,Graminoid,Annual
Sporobolus vaginiflorus var. vaginiflorus,poverty dropseed,0,,Graminoid,Annual
Stachys hispida,hispid hedge nettle,3,FACW,Forb/herb,Perennial
Staphylea trifolia,bladdernut,7,FAC,"Tree, Shrub",Perennial
Stellaria longifolia,"long-leaved starwort, long-leaved stitchwort",4,FACW,Forb/herb,Perennial
Streptopus lanceolatus,"rose twisted stalk, rose mandarin",8,FACU,Herbaceous,Perennial
Strophostyles helvola,annual woolly bean,2,FAC,Herbaceous,Annual
Stuckenia pectinata,Sago pondweed,2,OBL,Forb/herb,
Symphoricarpos albus var. albus,common snowberry,8,FACU,"Subshrub, Shrub",Perennial
Symphyotrichum cordifolium,heart-leaved aster,4,,Forb/herb,Perennial
Symphyotrichum ericoides var. ericoides,heath aster,1,FACU,Forb/herb,Perennial
Symphyotrichum laeve var. laeve,smooth aster,2,FACU,Forb/herb,Perennial
Symphyotrichum lanceolatum var. lanceolatum,lance-leaved aster,1,FACW,Forb/herb,Perennial
Symphyotrichum lateriflorum,calico aster,0,FAC,Forb/herb,Perennial
Symphyotrichum lowrieanum,Lowrie’s aster,4,,Forb/herb,Perennial
Symphyotrichum novae-angliae,New England aster,1,FACW,Herbaceous,Perennial
Symphyotrichum patens var. patens,common late purple aster,6,,Forb/herb,Perennial
Symphyotrichum pilosum var. pilosum,frostweed aster,0,FACU,Forb/herb,Perennial
Symphyotrichum pilosum var. pringlei,Pringle’s aster,0,FACU,Forb/herb,Perennial
Symphyotrichum praealtum,willow-leaved aster,8,FACW,Herbaceous,Perennial
Symphyotrichum prenanthoides,crooked-stemmed aster,3,FAC,Forb/herb,Perennial
Symphyotrichum puniceum var. puniceum,purple-stemmed aster,4,OBL,Forb/herb,Perennial
Symphyotrichum tradescantii,Tradescant’s aster,9,FACW,Herbaceous,Perennial
Symphyotrichum urophyllum,arrow-leaved aster,1,,Forb/herb,Perennial
Symplocarpus foetidus,skunk cabbage,5,OBL,Forb/herb,Perennial
Taenidia integerrima,yellow pimpernel,7,,Forb/herb,Perennial
Taxus canadensis,"Canada yew, American yew",9,FACU,Shrub,Perennial
Teucrium canadense,American germander,4,FACW,Forb/herb,Perennial
Thalictrum dioicum,early meadow rue,7,FACU,Herbaceous,Perennial
Thalictrum pubescens,tall meadow rue,4,FACW,Forb/herb,Perennial
Thalictrum revolutum,skunk meadow rue,8,FAC,Forb/herb,Perennial
Thalictrum thalictroides,rue anemone,7,FACU,Forb/herb,Perennial
Thelypteris palustris var. pubescens,marsh fern,4,FACW,Fern,Perennial
Thuja occidentalis,"northern white cedar, arbor vitae",6,FACW,Tree,Perennial
Tiarella stolonifera,foamflower,7,FACU,Forb/herb,Perennial
Tilia americana var. americana,American basswood,7,FACU,Tree,Perennial
Torreyochloa pallida var. fernaldii,Fernald’s false manna grass,6,OBL,Graminoid,Perennial
Toxicodendron radicans ssp. negundo,midwestern poison ivy,3,FAC,Vine,Perennial
Toxicodendron vernix,poison sumac,9,OBL,"Tree, Shrub",Perennial
Trichophorum alpinum,lime-loving club sedge,9,OBL,Graminoid,Perennial
Trichophorum planifolium,woodland club sedge,8,,Graminoid,Perennial
Tridens flavus var. flavus,purpletop,0,UPL,Graminoid,Perennial
Trillium erectum,"purple trillium, stinking Benjamin",7,FACU,Forb/herb,Perennial
Trillium grandiflorum,white trillium,7,,Forb/herb,Perennial
Trillium undulatum,painted trillium,7,FACU,Herbaceous,Perennial
Triodanis perfoliata,common Venus’s looking glass,7,FACU,Forb/herb,Annual
Triosteum aurantiacum,orange-fruited horse gentian,7,,Forb/herb,Perennial
Triosteum perfoliatum,perfoliate-leaved horse gentian,8,,Forb/herb,Perennial
Triplasis purpurea var. purpurea,purple sand grass,4,,Graminoid,Annual
Tsuga canadensis,eastern hemlock,7,FACU,Tree,Perennial
Turritis glabra,tower mustard,2,,Forb/herb,
Typha angustifolia,narrow-leaved cattail,1,OBL,Forb/herb,Perennial
Typha latifolia,wide-leaved cattail,1,OBL,Forb/herb,Perennial
Ulmus americana,American elm,4,FACW,Tree,Perennial
Ulmus rubra,slippery elm,8,FAC,Tree,Perennial
Urtica gracilis ssp. gracilis,American stinging nettle,2,FAC,Forb/herb,Perennial
Utricularia intermedia,flat-leaved bladderwort,9,OBL,Forb/herb,Annual
Utricularia vulgaris ssp. macrorhiza,greater bladderwort,7,OBL,Forb/herb,Perennial
Uvularia grandiflora,large-flowered bellwort,8,,Forb/herb,Perennial
Uvularia perfoliata,perfoliate bellwort,7,FACU,Forb/herb,Perennial
Uvularia sessilifolia,"wild oats, sessile-leaved bellwort",6,FACU,Herbaceous,Perennial
Vaccinium angustifolium,common lowbush blueberry,4,FACU,Shrub,Perennial
Vaccinium corymbosum,highbush blueberry,6,FACW,Shrub,Perennial
Vaccinium macrocarpon,cranberry,8,OBL,"Subshrub, Shrub",Perennial
Vaccinium myrtilloides,velvet-leaved blueberry,7,FACW,Shrub,Perennial
Vaccinium oxycoccos,small cranberry,8,OBL,"Subshrub, Shrub",Perennial
Vaccinium pallidum,hillside blueberry,7,,"Subshrub, Shrub",Perennial
Vaccinium stamineum,deerberry,7,FACU,Shrub,Perennial
Vallisneria americana,"water celery, tape grass",4,OBL,Forb/herb,Perennial
Veratrum viride,"false hellebore, Indian corn lily",4,FACW,Forb/herb,Perennial
Verbena hastata,blue vervain,3,FACW,Herbaceous,Biennial
Verbena urticifolia,white vervain,2,FAC,Forb/herb,Perennial
Veronica americana,American brooklime,4,OBL,Forb/herb,Perennial
Veronica peregrina ssp. peregrina,Purslane speedwell,0,FAC,Forb/herb,Annual
Veronica scutellata,marsh speedwell,6,OBL,Forb/herb,Perennial
Viburnum acerifolium,maple-leaved viburnum,7,UPL,Shrub,Perennial
Viburnum cassinoides,northern wild raisin,7,FACW,"Tree, Shrub",Perennial
Viburnum dentatum var. lucidum,smooth arrowwood,3,FAC,"Tree, Shrub",Perennial
Viburnum lantanoides,hobblebush,8,FACU,Shrub,Perennial
Viburnum lentago,nannyberry,4,FAC,"Tree, Shrub",Perennial
Viburnum opulus var. americanum,highbush cranberry,3,FACW,"Tree, Shrub",Perennial
Viburnum rafinesqueanum,downy arrowwood,8,,Shrub,Perennial
Viola affinis,LeConte’s violet,5,FACW,Herbaceous,Perennial
Viola affinis × V. sagittata,hybrid violet,NA,,,
Viola blanda,sweet white violet,6,FACW,Herbaceous,Perennial
Viola canadensis,Canada violet,9,FACU,Forb/herb,Perennial
Viola cucullata,marsh blue violet,6,OBL,Forb/herb,Perennial
Viola cucullata × V. sagittata,hybrid violet,NA,,,
Viola eriocarpa,smoothish yellow violet,7,FACU,Herbaceous,Perennial
Viola fimbriatula,northern downy violet,4,FAC,Forb/herb,Perennial
Viola incognita,common sweet white violet,NA,FACW,Herbaceous Dicot,Perennial
Viola labradorica,American dog violet,4,FAC,Herbaceous,Perennial
Viola minuscula,smooth white violet,4,OBL,Forb/herb,Perennial
Viola palmata var. triloba,three-lobed violet,6,FACU,Forb/herb,Perennial
Viola pubescens,downy yellow violet,7,FACU,Herbaceous,Perennial
Viola rostrata,long-spurred violet,6,FACU,Forb/herb,Perennial
Viola rotundifolia,early yellow violet,7,FAC,Forb/herb,Perennial
Viola sagittata,arrow-leaved violet,4,FAC,Forb/herb,Perennial
Viola sagittata × V. sororia,hybrid violet,NA,,,
Viola selkirkii,Selkirk’s violet,8,,Forb/herb,Perennial
Viola septentrionalis,northern blue violet,3,FACU,Forb/herb,Perennial
Viola sororia,common blue violet,3,FAC,Herbaceous,Perennial
Viola striata,"striped violet, pale violet",5,FACW,Herbaceous,Perennial
Vitis aestivalis,summer grape,4,FACU,Vine,Perennial
Vitis riparia,"river grape, frost grape",3,FAC,Vine,Perennial
Wolffia columbiana,Colombian watermeal,2,OBL,Forb/herb,Perennial
Xanthium strumarium var. canadense,Canada cocklebur,1,FAC,Forb/herb,Annual
Zannichellia palustris,horned pondweed,7,OBL,Forb/herb,Perennial
Zanthoxylum americanum,prickly ash,4,FACU,"Tree, Shrub",Perennial
Zizia aurea,common golden Alexanders,4,FAC,Forb/herb,Perennial
